{
    "param":{
        "facepoints_count":106,
        "design_img_width":720,
        "design_img_height":1280
    },
    "data":[
        140.623444,
        454.541870,
        141.894318,
        482.914734,
        145.523514,
        510.796906,
        150.768570,
        538.697754,
        157.093933,
        565.946289,
        164.962585,
        592.773804,
        173.987091,
        619.164917,
        184.504364,
        645.223877,
        196.169708,
        670.059204,
        210.700012,
        693.553223,
        227.925751,
        715.823364,
        246.352783,
        737.043579,
        265.577332,
        756.988892,
        285.975128,
        776.218018,
        308.752625,
        791.892090,
        333.766602,
        801.354004,
        360.897278,
        805.036499,
        389.065125,
        801.412109,
        415.028198,
        791.610840,
        439.237000,
        775.490234,
        459.757141,
        756.687866,
        479.880524,
        736.146240,
        497.678528,
        715.058594,
        513.860901,
        691.839355,
        528.069458,
        667.483276,
        539.619568,
        641.403687,
        549.182251,
        614.887268,
        557.971558,
        588.126465,
        565.805725,
        560.597046,
        571.934814,
        533.279907,
        576.905762,
        504.862671,
        579.730042,
        476.379883,
        580.749329,
        448.373322,
        171.962494,
        431.036133,
        201.308990,
        409.582458,
        239.481415,
        407.339996,
        276.899170,
        412.663879,
        313.609436,
        421.678436,
        399.748474,
        422.709076,
        436.020630,
        413.133667,
        473.161438,
        408.785095,
        510.381256,
        411.957336,
        540.286499,
        430.597778,
        358.364746,
        482.421082,
        358.355621,
        521.631226,
        358.378693,
        560.450073,
        358.294800,
        599.588257,
        313.543640,
        621.686096,
        336.386292,
        624.459717,
        359.247375,
        628.793091,
        380.764648,
        624.106201,
        402.589783,
        621.086792,
        221.973328,
        479.198608,
        240.532135,
        465.737122,
        286.036011,
        474.110840,
        300.471619,
        493.050537,
        279.582153,
        495.136902,
        237.876953,
        494.303345,
        414.545959,
        493.850159,
        428.799316,
        474.457397,
        474.235229,
        464.584473,
        493.116333,
        478.233582,
        477.081787,
        492.377136,
        435.545776,
        493.384003,
        207.149841,
        427.509277,
        242.729996,
        428.575378,
        277.825836,
        433.812622,
        312.808350,
        439.895569,
        400.240540,
        441.127014,
        435.069275,
        434.378052,
        470.267090,
        429.094971,
        505.753113,
        428.021667,
        264.386017,
        464.611450,
        258.666565,
        499.118164,
        261.233887,
        483.159973,
        450.225769,
        463.540344,
        456.552673,
        496.481201,
        453.686768,
        482.160950,
        329.434509,
        487.527130,
        385.962585,
        487.466339,
        312.023560,
        577.535522,
        404.799622,
        577.531250,
        302.560577,
        602.936890,
        413.798279,
        603.323242,
        290.984253,
        686.528198,
        316.118469,
        671.865234,
        345.136230,
        664.943481,
        362.739197,
        669.034302,
        379.701843,
        664.806885,
        407.457275,
        671.141235,
        432.236389,
        684.729980,
        416.420837,
        710.914185,
        392.367004,
        729.286804,
        362.434143,
        734.814392,
        332.184326,
        730.007690,
        307.549622,
        712.349609,
        297.759888,
        686.981018,
        330.355713,
        682.153076,
        362.839111,
        682.642334,
        394.417419,
        681.315063,
        425.940369,
        685.079224,
        396.197998,
        699.873413,
        362.481567,
        704.591675,
        328.689392,
        700.115479,
        261.210449,
        483.187805,
        453.723267,
        482.110291
    ]
}

