{
    "param":{
        "facepoints_count":80,
        "design_img_width":720,
        "design_img_height":160
    },
    "data":[
        171.962585,
        51.035950,
        171.959808,
        33.849915,
        182.885910,
        41.059204,
        182.883133,
        23.873169,
        201.309235,
        29.582397,
        201.306458,
        12.396362,
        220.020233,
        27.336121,
        220.017456,
        10.150085,
        239.481247,
        27.339874,
        239.478470,
        10.153839,
        258.190063,
        29.626862,
        258.187286,
        12.440826,
        276.898865,
        32.663849,
        276.896088,
        15.477814,
        297.503906,
        36.796143,
        297.501129,
        19.610107,
        313.609009,
        41.678436,
        313.606232,
        24.492401,
        316.958435,
        51.911987,
        312.807861,
        59.895569,
        312.810638,
        77.081604,
        297.191711,
        57.604034,
        297.194489,
        74.790070,
        277.825562,
        53.812500,
        277.828339,
        70.998535,
        260.277649,
        50.818939,
        260.280426,
        68.004974,
        242.729736,
        48.575378,
        242.732513,
        65.761414,
        224.939667,
        48.042297,
        224.942444,
        65.228333,
        207.149597,
        47.509216,
        207.152374,
        64.695251,
        185.806091,
        50.022583,
        185.808868,
        67.208618,
        148.332169,
        51.168182,
        148.329391,
        33.982147,
        148.334946,
        68.354218,
        337.239441,
        41.546204,
        336.438293,
        59.763336,
        540.284912,
        50.595093,
        540.282227,
        34.183533,
        528.706848,
        41.651703,
        528.704163,
        25.240143,
        510.378784,
        31.958282,
        510.376129,
        15.546722,
        492.144318,
        29.622253,
        492.141663,
        13.210693,
        473.159821,
        28.786255,
        473.157166,
        12.374695,
        454.589569,
        30.585388,
        454.586914,
        14.173828,
        436.019348,
        33.134521,
        436.016693,
        16.722961,
        416.008331,
        37.172028,
        416.005676,
        20.760468,
        399.747345,
        42.709534,
        399.744690,
        26.297974,
        396.618439,
        53.043518,
        400.239502,
        61.127563,
        400.242157,
        77.539124,
        415.778961,
        58.878113,
        415.781616,
        75.289673,
        435.068451,
        54.378662,
        435.071106,
        70.790222,
        452.667297,
        51.362122,
        452.669952,
        67.773682,
        470.266174,
        49.095581,
        470.268829,
        65.507141,
        488.009094,
        48.558411,
        488.011749,
        64.969971,
        505.752075,
        48.021240,
        505.754730,
        64.432800,
        526.768494,
        50.058167,
        526.771179,
        66.469727,
        563.915344,
        50.462860,
        563.912537,
        33.276825,
        563.918152,
        67.648895,
        376.116913,
        42.841766,
        376.609070,
        61.259796
    ]
}

