{
    "param":{
        "facepoints_count":117,
        "design_img_width":720,
        "design_img_height":1280
    },
    "data":[
        221.973587,
        479.199036,
        229.002899,
        471.717957,
        240.532227,
        465.736938,
        252.084290,
        464.423981,
        264.386353,
        464.611023,
        275.586273,
        468.235809,
        286.036194,
        474.110596,
        294.754089,
        483.955597,
        300.471985,
        493.050598,
        291.902283,
        495.218628,
        279.582581,
        495.136688,
        269.124817,
        497.502380,
        258.667053,
        499.118103,
        247.897217,
        497.460876,
        237.877380,
        494.303650,
        228.050491,
        487.126343,
        180.390945,
        479.431763,
        221.965393,
        437.615753,
        221.981781,
        520.782349,
        228.994705,
        430.134674,
        240.524033,
        424.153656,
        252.076096,
        422.840698,
        264.378143,
        423.027740,
        275.578064,
        426.652527,
        286.027985,
        432.527313,
        294.745880,
        442.372314,
        342.054626,
        492.817871,
        300.463776,
        451.467316,
        300.480194,
        534.633911,
        291.910492,
        536.801941,
        279.590790,
        536.719971,
        269.133026,
        539.085693,
        258.675262,
        540.701416,
        247.905411,
        539.044189,
        237.885574,
        535.886963,
        228.058685,
        528.709656,
        414.546021,
        493.850891,
        420.172516,
        484.529327,
        428.799011,
        474.457733,
        439.137085,
        468.249054,
        450.225220,
        463.540375,
        462.604950,
        463.312439,
        474.234680,
        464.584473,
        485.925201,
        470.658783,
        493.115723,
        478.233093,
        486.973541,
        485.680023,
        477.081390,
        492.376953,
        467.192017,
        495.179047,
        456.552673,
        496.481110,
        446.049255,
        494.932678,
        435.545776,
        493.384186,
        423.170898,
        494.367523,
        372.963379,
        494.083618,
        414.537811,
        452.267609,
        414.554230,
        535.434204,
        420.164307,
        442.946045,
        428.790802,
        432.874451,
        439.128876,
        426.665771,
        450.217010,
        421.957092,
        462.596741,
        421.729156,
        474.226471,
        423.001190,
        485.916992,
        429.075500,
        534.698364,
        478.000366,
        493.107513,
        436.649811,
        493.123932,
        519.816406,
        486.981750,
        527.263306,
        477.089600,
        533.960266,
        467.200226,
        536.762329,
        456.560883,
        538.064392,
        446.057465,
        536.515991,
        435.553986,
        534.967468,
        423.179108,
        535.950806,
        358.367615,
        482.420227,
        290.983215,
        686.527222,
        316.119751,
        671.866455,
        345.138245,
        664.945190,
        362.740540,
        669.035278,
        379.702271,
        664.807617,
        407.456848,
        671.140381,
        432.236084,
        684.728149,
        416.421753,
        710.914795,
        392.367065,
        729.289551,
        362.432617,
        734.817139,
        332.181580,
        730.010925,
        307.546143,
        712.351318,
        297.758667,
        686.980469,
        330.356689,
        682.154785,
        362.840515,
        682.643433,
        394.417603,
        681.315552,
        425.940491,
        685.077454,
        396.198914,
        699.873413,
        362.481079,
        704.591675,
        328.688171,
        700.115723,
        221.678818,
        686.915100,
        290.969543,
        617.221741,
        290.996887,
        755.832703,
        316.106079,
        602.560974,
        345.124573,
        595.639709,
        362.726868,
        599.729797,
        379.688599,
        595.502136,
        407.443176,
        601.834900,
        501.540466,
        684.340271,
        432.222412,
        615.422668,
        432.249756,
        754.033630,
        416.435425,
        780.220276,
        392.380737,
        798.595032,
        362.446289,
        804.122620,
        332.195251,
        799.316406,
        307.559814,
        781.656799,
        6.173859,
        601.560242,
        6.104449,
        249.429169,
        6.243268,
        953.691284,
        358.230042,
        247.458405,
        358.368835,
        951.720581,
        710.425049,
        597.618713,
        710.355652,
        245.487640,
        710.494446,
        949.749756
    ]
}

