{
    "param":{
        "facepoints_count":116,
        "design_img_width":720,
        "design_img_height":1280
    },
    "data":[
        140.622482,
        454.535400,
        141.893051,
        482.908508,
        145.521896,
        510.790527,
        150.766632,
        538.691467,
        157.091766,
        565.939636,
        164.960098,
        592.767090,
        173.984375,
        619.158142,
        184.501343,
        645.217041,
        196.166412,
        670.052673,
        210.696716,
        693.546143,
        227.922577,
        715.815796,
        246.350128,
        737.036011,
        265.574799,
        756.980774,
        285.972687,
        776.209839,
        308.749878,
        791.884277,
        333.763855,
        801.346558,
        360.894012,
        805.030762,
        389.062561,
        801.407959,
        415.026794,
        791.609009,
        439.237183,
        775.490356,
        459.759094,
        756.689148,
        479.884094,
        736.147827,
        497.683044,
        715.060059,
        513.865784,
        691.840088,
        528.074036,
        667.483398,
        539.623230,
        641.403198,
        549.185608,
        614.885742,
        557.974182,
        588.124023,
        565.807861,
        560.594177,
        571.937317,
        533.276733,
        576.908752,
        504.859161,
        579.733521,
        476.376251,
        580.752869,
        448.369019,
        171.962311,
        431.035767,
        201.308960,
        409.582031,
        239.481476,
        407.339355,
        276.899231,
        412.663696,
        313.609711,
        421.678101,
        399.746674,
        422.710083,
        436.018799,
        413.134521,
        473.159485,
        408.785858,
        510.378784,
        411.957520,
        540.285767,
        430.594208,
        358.363770,
        482.421265,
        358.354126,
        521.632935,
        358.376617,
        560.453613,
        358.291748,
        599.593323,
        313.541504,
        621.689209,
        336.383240,
        624.464294,
        359.243530,
        628.797424,
        380.760986,
        624.112366,
        402.586487,
        621.093140,
        221.972916,
        479.198029,
        240.532043,
        465.736633,
        286.036194,
        474.110535,
        300.471680,
        493.050537,
        279.582153,
        495.136688,
        237.876740,
        494.302856,
        414.545837,
        493.849548,
        428.799133,
        474.456848,
        474.235413,
        464.584290,
        493.116577,
        478.233673,
        477.081970,
        492.377411,
        435.545837,
        493.383667,
        207.149857,
        427.509521,
        242.729996,
        428.575806,
        277.826050,
        433.812805,
        312.808533,
        439.895691,
        400.239197,
        441.128052,
        435.068329,
        434.378876,
        470.266266,
        429.096283,
        505.752258,
        428.021606,
        264.386230,
        464.611298,
        258.666382,
        499.117920,
        261.233887,
        483.159973,
        450.225922,
        463.540283,
        456.552917,
        496.481201,
        453.686890,
        482.160767,
        329.433838,
        487.527039,
        385.961487,
        487.466339,
        312.022278,
        577.538452,
        404.796875,
        577.536682,
        302.558960,
        602.940308,
        413.794739,
        603.328735,
        290.980072,
        686.526611,
        316.117554,
        671.865479,
        345.137390,
        664.945068,
        362.740234,
        669.035706,
        379.702057,
        664.807983,
        407.457642,
        671.140747,
        432.238098,
        684.728638,
        416.420563,
        710.912903,
        392.366699,
        729.286926,
        362.433380,
        734.815308,
        332.182495,
        730.008911,
        307.546143,
        712.349792,
        297.754944,
        686.979370,
        330.354980,
        682.152222,
        362.840637,
        682.640991,
        394.419159,
        681.313721,
        425.943115,
        685.077820,
        396.199585,
        699.871277,
        362.481262,
        704.589722,
        328.687225,
        700.112305,
        261.210449,
        483.187592,
        453.723389,
        482.110107,
        140.564499,
        102.396515,
        184.581177,
        102.150154,
        228.597839,
        101.903801,
        272.614502,
        101.657440,
        316.631165,
        101.411079,
        360.647858,
        101.164719,
        404.664551,
        100.918365,
        448.681213,
        100.672005,
        492.697876,
        100.425644,
        536.714539,
        100.179283
    ]
}

