{
    "param":{
        "facepoints_count":106,
        "design_img_width":720,
        "design_img_height":1280
    },
    "data":[
        140.625641,
        454.544830,
        141.896637,
        482.917480,
        145.525635,
        510.799225,
        150.770416,
        538.699707,
        157.095490,
        565.947754,
        164.963501,
        592.774902,
        173.987366,
        619.165771,
        184.503723,
        645.224609,
        196.168396,
        670.060059,
        210.698212,
        693.553223,
        227.923798,
        715.823242,
        246.351013,
        737.042969,
        265.575439,
        756.987549,
        285.973633,
        776.215820,
        308.750793,
        791.889160,
        333.764648,
        801.350464,
        360.894470,
        805.033081,
        389.062134,
        801.409912,
        415.024902,
        791.609131,
        439.234161,
        775.490295,
        459.754700,
        756.689453,
        479.877869,
        736.148071,
        497.675537,
        715.060913,
        513.857666,
        691.841919,
        528.065796,
        667.486206,
        539.615234,
        641.406494,
        549.177856,
        614.890137,
        557.967163,
        588.129395,
        565.801636,
        560.600586,
        571.931030,
        533.284058,
        576.902893,
        504.867249,
        579.727600,
        476.385071,
        580.746948,
        448.378906,
        171.963013,
        431.035400,
        201.309662,
        409.582153,
        239.481567,
        407.340027,
        276.898773,
        412.664032,
        313.608673,
        421.677979,
        399.747253,
        422.709534,
        436.019287,
        413.134521,
        473.159821,
        408.786560,
        510.378967,
        411.958191,
        540.285400,
        430.594940,
        358.363464,
        482.420654,
        358.354126,
        521.630310,
        358.376831,
        560.448853,
        358.292297,
        599.586548,
        313.541992,
        621.684937,
        336.384430,
        624.458740,
        359.245239,
        628.792114,
        380.761871,
        624.105713,
        402.586609,
        621.086792,
        221.973602,
        479.198608,
        240.532135,
        465.736633,
        286.035767,
        474.110748,
        300.471497,
        493.050720,
        279.581970,
        495.137085,
        237.877197,
        494.303467,
        414.546143,
        493.850372,
        428.799500,
        474.457336,
        474.235657,
        464.584534,
        493.116333,
        478.234283,
        477.081909,
        492.377747,
        435.545837,
        493.384094,
        207.150024,
        427.508789,
        242.729889,
        428.575348,
        277.825562,
        433.812500,
        312.807556,
        439.895264,
        400.239563,
        441.127258,
        435.068481,
        434.378174,
        470.266663,
        429.095398,
        505.752258,
        428.020782,
        264.386047,
        464.611298,
        258.666504,
        499.118286,
        261.233795,
        483.160278,
        450.225952,
        463.540436,
        456.553009,
        496.481384,
        453.686890,
        482.161072,
        329.433380,
        487.526611,
        385.961426,
        487.466064,
        312.022491,
        577.534668,
        404.796509,
        577.531250,
        302.559143,
        602.936462,
        413.795135,
        603.323242,
        290.981812,
        686.527649,
        316.115051,
        671.864380,
        345.132080,
        664.942139,
        362.736084,
        669.032715,
        379.699463,
        664.805054,
        407.455078,
        671.139893,
        432.234436,
        684.729980,
        416.421021,
        710.916748,
        392.367706,
        729.291260,
        362.434143,
        734.819092,
        332.183105,
        730.010925,
        307.548218,
        712.350647,
        297.757324,
        686.980347,
        330.352692,
        682.151001,
        362.836395,
        682.640137,
        394.415436,
        681.312866,
        425.938690,
        685.079224,
        396.198120,
        699.877808,
        362.481445,
        704.596558,
        328.688049,
        700.118530,
        261.210449,
        483.187744,
        453.723328,
        482.110657
    ]
}

