{
    "param":{
        "facepoints_count":176,
        "design_img_width":720,
        "design_img_height":1280
    },
    "data":[
        140.618469,
        454.535828,
        141.889511,
        482.909729,
        145.518829,
        510.792358,
        150.764084,
        538.693359,
        157.089706,
        565.942017,
        164.958282,
        592.770081,
        173.982681,
        619.161438,
        184.499481,
        645.220825,
        196.164368,
        670.057129,
        210.694366,
        693.551697,
        227.920059,
        715.822144,
        246.347473,
        737.042725,
        265.572510,
        756.987915,
        285.971252,
        776.216675,
        308.749298,
        791.890686,
        333.763855,
        801.352417,
        360.894714,
        805.035034,
        389.063080,
        801.411804,
        415.027405,
        791.610840,
        439.237427,
        775.492188,
        459.759399,
        756.691040,
        479.884216,
        736.149414,
        497.683685,
        715.061768,
        513.866943,
        691.842163,
        528.075317,
        667.485352,
        539.624878,
        641.404541,
        549.187378,
        614.886902,
        557.975952,
        588.125000,
        565.809875,
        560.595093,
        571.938599,
        533.277283,
        576.909668,
        504.859161,
        579.734314,
        476.376160,
        580.753418,
        448.368591,
        171.966370,
        431.025299,
        201.318222,
        409.579224,
        239.488708,
        407.341919,
        276.902222,
        412.666016,
        313.608459,
        421.677979,
        399.746765,
        422.709229,
        436.019226,
        413.134277,
        473.159821,
        408.786133,
        510.379700,
        411.958099,
        540.286499,
        430.595123,
        358.363312,
        482.420593,
        358.354004,
        521.632874,
        358.376953,
        560.453308,
        358.292480,
        599.593323,
        313.542847,
        621.687500,
        336.384705,
        624.462646,
        359.245056,
        628.796265,
        380.761780,
        624.110107,
        402.586975,
        621.090454,
        221.973297,
        479.198395,
        240.532135,
        465.736633,
        286.036560,
        474.110565,
        300.471802,
        493.051025,
        279.582397,
        495.136688,
        237.877258,
        494.303040,
        414.545929,
        493.849548,
        428.799408,
        474.456848,
        474.235931,
        464.584320,
        493.117035,
        478.233826,
        477.081970,
        492.377686,
        435.545837,
        493.383484,
        207.154312,
        427.506378,
        242.733459,
        428.576355,
        277.827332,
        433.813141,
        312.807892,
        439.893921,
        400.239105,
        441.127045,
        435.068451,
        434.378296,
        470.266846,
        429.095703,
        505.752869,
        428.021606,
        264.386566,
        464.611023,
        258.666656,
        499.117798,
        261.234131,
        483.159973,
        450.226166,
        463.540192,
        456.553162,
        496.481323,
        453.686829,
        482.160767,
        329.433411,
        487.526306,
        385.960571,
        487.465973,
        312.022705,
        577.537598,
        404.797302,
        577.534668,
        302.559906,
        602.939148,
        413.794861,
        603.326294,
        290.981812,
        686.527100,
        316.118042,
        671.866333,
        345.137085,
        664.945007,
        362.739624,
        669.035034,
        379.701202,
        664.807617,
        407.456818,
        671.139832,
        432.233154,
        684.729370,
        416.419189,
        710.916382,
        392.365234,
        729.291382,
        362.431732,
        734.819519,
        332.180786,
        730.011963,
        307.545532,
        712.351624,
        297.757172,
        686.980225,
        330.355194,
        682.153809,
        362.839417,
        682.641418,
        394.416351,
        681.313599,
        425.937561,
        685.078369,
        396.196869,
        699.874207,
        362.480682,
        704.591797,
        328.688232,
        700.115112,
        261.210754,
        483.187500,
        453.723328,
        482.110321,
        296.387482,
        681.170532,
        306.712311,
        675.889404,
        316.118042,
        671.866333,
        325.641510,
        669.182983,
        336.280243,
        666.294861,
        345.137085,
        664.945007,
        351.256256,
        666.005310,
        357.287079,
        667.974548,
        362.739624,
        669.035034,
        368.025970,
        667.939026,
        373.748169,
        665.903503,
        379.701202,
        664.807617,
        388.230469,
        666.004883,
        398.260864,
        668.609192,
        407.456818,
        671.139832,
        416.769196,
        674.885254,
        426.920715,
        679.650513,
        432.233154,
        684.729370,
        429.688812,
        692.629700,
        422.963501,
        702.349304,
        416.419189,
        710.916382,
        409.071838,
        717.680237,
        400.379181,
        724.527405,
        392.365234,
        729.291382,
        382.826935,
        732.057922,
        371.970032,
        734.052856,
        362.431732,
        734.819519,
        352.366638,
        734.239807,
        341.579132,
        732.591614,
        332.180786,
        730.011963,
        324.016083,
        725.433289,
        315.043518,
        718.930176,
        307.545532,
        712.351624,
        300.362335,
        704.323059,
        293.498291,
        694.555603,
        290.981812,
        686.527100,
        304.208527,
        684.840027,
        317.903809,
        682.960571,
        330.355194,
        682.153809,
        340.777039,
        682.280212,
        352.417542,
        682.514954,
        362.839417,
        682.641418,
        373.026031,
        682.297180,
        384.229675,
        681.657776,
        394.416351,
        681.313599,
        406.588501,
        681.845215,
        419.765381,
        683.213379,
        425.937561,
        685.078369,
        420.004761,
        689.580994,
        407.462952,
        695.371460,
        396.196869,
        699.874207,
        385.233398,
        701.986145,
        373.444092,
        703.813110,
        362.480682,
        704.591797,
        351.497437,
        703.875549,
        339.671417,
        702.164551,
        328.688232,
        700.115112,
        316.669067,
        696.265320,
        303.776306,
        690.829956,
        297.757172,
        686.980225,
        140.556915,
        102.393311,
        184.574036,
        102.147018,
        228.591156,
        101.900726,
        272.608276,
        101.654434,
        316.625427,
        101.408142,
        360.642517,
        101.161850,
        404.659637,
        100.915558,
        448.676788,
        100.669266,
        492.693909,
        100.422974,
        536.711060,
        100.176682
    ]
}

