{
    "param":{
        "facepoints_count":130,
        "design_img_width":720,
        "design_img_height":160
    },
    "data":[
        221.973328,
        99.198242,
        225.451630,
        94.374878,
        233.054169,
        89.226685,
        240.532486,
        85.736633,
        240.532486,
        85.736633,
        247.828049,
        84.555939,
        256.424500,
        84.458313,
        264.386780,
        84.611023,
        264.386780,
        84.611023,
        271.555298,
        86.629395,
        279.534851,
        90.092041,
        286.036713,
        94.110474,
        286.036713,
        94.110474,
        291.556976,
        100.132111,
        297.618408,
        107.695984,
        300.472046,
        113.051025,
        300.472046,
        113.051025,
        295.945099,
        114.925018,
        295.950256,
        143.802307,
        287.442688,
        115.262451,
        287.447845,
        144.139709,
        279.582428,
        115.136536,
        279.587585,
        144.013794,
        279.582428,
        115.136536,
        279.587585,
        144.013794,
        272.826569,
        116.613098,
        272.831726,
        145.490356,
        265.422760,
        118.307587,
        265.427917,
        147.184875,
        258.666901,
        119.117493,
        258.672058,
        147.994751,
        258.666901,
        119.117493,
        258.672058,
        147.994751,
        251.721466,
        118.313721,
        251.726608,
        147.190979,
        244.156097,
        116.439941,
        244.161240,
        145.317200,
        237.877365,
        114.302917,
        237.882507,
        143.180176,
        237.877365,
        114.302917,
        237.882507,
        143.180176,
        231.531876,
        109.942413,
        231.537018,
        138.819702,
        224.985474,
        104.225342,
        224.990616,
        133.102600,
        221.973328,
        99.198242,
        221.978470,
        128.075531,
        264.381622,
        55.733734,
        255.141037,
        55.785431,
        245.900452,
        55.837158,
        236.659866,
        55.888855,
        227.419281,
        55.940552,
        218.178680,
        55.992249,
        264.381622,
        55.733734,
        273.622223,
        55.682037,
        282.862793,
        55.630310,
        292.103394,
        55.578613,
        301.343964,
        55.526917,
        310.584564,
        55.475220,
        414.546143,
        113.850769,
        417.352448,
        108.378387,
        423.325989,
        100.596375,
        428.799011,
        94.457397,
        428.799011,
        94.457397,
        435.242859,
        90.293762,
        443.114624,
        86.370728,
        450.225220,
        83.540436,
        450.225220,
        83.540436,
        458.227692,
        83.366638,
        466.898987,
        83.424805,
        474.234863,
        84.584351,
        474.234863,
        84.584351,
        481.796661,
        88.122894,
        489.554260,
        93.361023,
        493.116119,
        98.232971,
        493.116119,
        98.232971,
        490.070190,
        103.011047,
        490.075348,
        131.888336,
        483.460999,
        108.265503,
        483.466156,
        137.142761,
        477.081787,
        112.376953,
        477.086945,
        141.254211,
        477.081787,
        112.376953,
        477.086945,
        141.254211,
        470.870575,
        114.329865,
        470.875732,
        143.207153,
        463.430725,
        115.861450,
        463.435883,
        144.738708,
        456.552917,
        116.481110,
        456.558075,
        145.358398,
        456.552917,
        116.481110,
        456.558075,
        145.358398,
        449.773346,
        115.678162,
        449.778503,
        144.555420,
        442.325531,
        114.186951,
        442.330688,
        143.064209,
        435.545959,
        113.384094,
        435.551117,
        142.261353,
        435.545959,
        113.384094,
        435.551117,
        142.261353,
        427.657104,
        113.949554,
        427.662262,
        142.826843,
        419.101593,
        114.618591,
        419.106750,
        143.495850,
        414.546143,
        113.850769,
        414.551300,
        142.728027,
        450.220062,
        54.663147,
        440.979462,
        54.714844,
        431.738892,
        54.766571,
        422.498291,
        54.818268,
        413.257721,
        54.869965,
        404.017120,
        54.921661,
        450.220062,
        54.663147,
        459.460663,
        54.611450,
        468.701233,
        54.559723,
        477.941833,
        54.508026,
        487.182404,
        54.456329,
        496.423004,
        54.404633,
        180.355804,
        103.639923,
        180.347565,
        57.436279,
        180.364044,
        149.843567,
        342.066071,
        102.735077,
        342.057831,
        56.531433,
        342.074310,
        148.938721,
        372.868011,
        102.562744,
        372.859772,
        56.359100,
        372.876251,
        148.766418,
        534.578247,
        101.657898,
        534.570007,
        55.454254,
        534.586487,
        147.861572
    ]
}

